term,estimate,std.error,statistic,p.value
(Intercept),27.622436320491204,2.6718028266889555,10.338501046771643,7.151896598497649e-22
bill_depth_mm,0.5316672675251825,0.15130337827669751,3.5139153770439338,5.035548464905022e-4
speciesChinstrap,9.970864849843029,0.3357356121391375,29.698561872283136,5.4711971619061754e-95
speciesGentoo,10.48903403064723,0.5827612712408093,17.99885227155553,7.335557795564448e-51
sexmale,2.893797091624361,0.3385352457516014,8.54799353372993,4.821906075746365e-16
